{
  "Andhra Pradesh": ["Anantapuramu", "Chittoor", "East Godavari", "Guntur", "Kadapa", "Krishna", "Kurnool", "Nellore", "Prakasam", "Srikakulam", "Visakhapatnam", "Vizianagaram", "West Godavari"],
  "Arunachal Pradesh": ["Anjaw", "Changlang", "Dibang Valley", "East Kameng", "East Siang", "Kamle", "Kra Daadi", "Kurung Kumey", "Lohit", "Longding", "Lower Dibang Valley", "Lower Siang", "Lower Subansiri", "Namsai", "Pakke-Kessang", "Papum Pare", "Shi-Yomi", "Siang", "Tawang", "Tirap", "Upper Dibang Valley", "Upper Siang", "Upper Subansiri", "West Kameng", "West Siang"],
  "Assam": ["Baksa", "Barpeta", "Bongaigaon", "Cachar", "Chirang", "Darrang", "Dhemaji", "Dima Hasao", "Goalpara", "Golaghat", "Hailakandi", "Jorhat", "Kamrup", "Kamrup Metropolitan", "Karbi Anglong", "Karimganj", "Lakhimpur", "Nagaon", "Nalbari", "Sivasagar", "Sonitpur", "Tinsukia"],
  "Bihar": ["Araria", "Arwal", "Aurangabad", "Banka", "Begusarai", "Bhagalpur", "Bhojpur", "Buxar", "Chhapra", "Darbhanga", "East Champaran", "Gaya", "Gopalganj", "Jamui", "Jehanabad", "Khagaria", "Kishanganj", "Lakhisarai", "Madhepura", "Madhubani", "Munger", "Muzaffarpur", "Nalanda", "Nawada", "Patna", "Purnia", "Rohtas", "Saharsa", "Samastipur", "Satara", "Supaul", "Vaishali"],
  "Chhattisgarh": ["Balod", "Balodabazaar", "Balrampur", "Bastar", "Bemetara", "Bijapur", "Bilaspur", "Dantewada", "Dhamtari", "Durg", "Gariaband", "Jaipur", "Janjgir-Champa", "Kabirdham", "Kanker", "Kondagaon", "Korba", "Koriya", "Mahasamund", "Mungeli", "Narayanpur", "Raigarh", "Raipur", "Rajnandgaon", "Sukma", "Surajpur", "Surguja"],
  "Goa": ["Bicholim", "Colva", "Curchorem", "Dharbandora", "Divar", "Mormugao", "Margao", "Mapusa", "Madgaon", "Quepem", "Sanguem", "Sattari", "Valpoi", "Vasco da Gama", "North Goa", "South Goa"],
  "Gujarat": ["Ahmedabad", "Amreli", "Anand", "Aravalli", "Banaskantha", "Bharuch", "Bhavnagar", "Botad", "Chhota Udaipur", "Dahod", "Gandhinagar", "Gir Somnath", "Jamnagar", "Junagadh", "Kachchh", "Kheda", "Mahesana", "Mehsana", "Morbi", "Narmada", "Navsari", "Panchmahals", "Patan", "Porbandar", "Rajkot", "Sabarkantha", "Surat", "Surendranagar", "Vadodara", "Valsad"],
  "Haryana": ["Ambala", "Bhiwani", "Charkhi Dadri", "Faridabad", "Fatehabad", "Gurgaon", "Hisar", "Jhajjar", "Jind", "Kaithal", "Karnal", "Kurukshetra", "Mahendragarh", "Mewat", "Narnaul", "Nuh", "Palwal", "Panchkula", "Panipat", "Rewari", "Rohtak", "Sirsa", "Sonepat", "Yamunanagar"],
  "Himachal Pradesh": ["Bilaspur", "Chamba", "Hamirpur", "Kangra", "Kinnaur", "Kullu", "Lahaul Spiti", "Mandi", "Shimla", "Solan", "Una"],
  "Jammu and Kashmir": ["Anantnag", "Bandipora", "Baramulla", "Budgam", "Doda", "Ganderbal", "Jammu", "Kathua", "Kishtwar", "Kulgam", "Kupwara", "Poonch", "Pulwama", "Rajouri", "Ramban", "Reasi", "Samba", "Shopian", "Srinagar", "Udhampur"],
  "Jharkhand": ["Bokaro", "Chatra", "Deoghar", "Dhanbad", "East Singhbhum", "Giridih", "Godda", "Gumla", "Hazaribagh", "Jamtara", "Khunti", "Koderma", "Latehar", "Lohardaga", "Pakur", "Palamu", "Ramgarh", "Ranchi", "Sahebganj", "Seraikela Kharsawan", "Simdega", "West Singhbhum"],
  "Karnataka": ["Belgaum", "Bengaluru", "Bengaluru Rural", "Bengaluru Urban", "Bidar", "Bijapur", "Chikballapur", "Chikkamagalur", "Chitradurga", "Dakshina Kannada", "Davangere", "Dharwad", "Gadag", "Gulbarga", "Hassan", "Haveri", "Kolar", "Koppal", "Mandya", "Mangalore", "Mysore", "Raichur", "Shimoga", "Tumkur", "Udupi", "Uttara Kannada"],
  "Kerala": ["Alappuzha", "Ernakulam", "Idukki", "Kannur", "Kasaragod", "Kochi", "Kollam", "Kottayam", "Kozhikode", "Malappuram", "Palakkad", "Pathanamthitta", "Thiruvananthapuram", "Thrissur", "Wayanad"],
  "Ladakh": ["Kargil", "Leh"],
  "Madhya Pradesh": ["Agar-Malwa", "Alirajpur", "Anuppur", "Ashoknagar", "Balaghat", "Barwah", "Barwani", "Betul", "Bhind", "Bhopal", "Biaora", "Bijawar", "Burhanpur", "Chhatapur", "Chhatarpur", "Chhindwara", "Chitrakoot", "Damoh", "Datia", "Dindori", "Disa", "Dohrighat", "Ganj Basoda", "Gwalior", "Harda", "Harsud", "Indore", "Itarsi", "Jabalpur", "Jhabua", "Jharsuguda", "Jind", "Khandwa", "Khandel", "Khargone", "Khimti", "Khirpur", "Khojpur", "Khopa", "Khopli", "Khupur", "Khurja"],
  "Maharashtra": ["Ahmednagar", "Akola", "Amravati", "Aurangabad", "Beed", "Bhandara", "Buldhana", "Chandrapur", "Dhule", "Gadchiroli", "Gondia", "Hingoli", "Jalna", "Jalgaon", "Kolhapur", "Latur", "Mumbai", "Mumbai Suburban", "Nagpur", "Nanded", "Nandurbar", "Nashik", "Navi Mumbai", "Osmanagarh", "Palghar", "Parbhani", "Pune", "Raigad", "Ratnagiri", "Sangli", "Satara", "Sindhudurg", "Solapur", "Thane", "Wardha", "Washim", "Yavatmal"],
  "Manipur": ["Bishnupur", "Chandel", "Churachandpur", "Imphal", "Imphal East", "Imphal West", "Jiribam", "Kakching", "Kamjong", "Kangpokpi", "Senapati", "Tamenglong", "Tengnoupal", "Thoubal", "Ukhrul"],
  "Meghalaya": ["East Garo Hills", "East Khasi Hills", "North Garo Hills", "Ri Bhoi", "South Garo Hills", "South West Garo Hills", "South West Khasi Hills", "West Garo Hills", "West Jaintia Hills", "West Khasi Hills"],
  "Mizoram": ["Aizawl", "Champhai", "Kolasib", "Lawngtlai", "Lunglei", "Mamit", "Saiha", "Serchhip"],
  "Nagaland": ["Dimapur", "Kiphire", "Kohima", "Longleng", "Mokokchung", "Mon", "Nagaland", "Peren", "Phek", "Tuensang", "Wokha", "Zunheboto"],
  "Odisha": ["Angul", "Balangir", "Balasore", "Bargarh", "Bhadrak", "Boudh", "Cuttack", "Debagarh", "Dhenkanal", "Gajapati", "Ganjam", "Jagatsingpur", "Jajpur", "Jharsuguda", "Kalahandi", "Kandhamal", "Kendrapara", "Kendujhar", "Khordha", "Koraput", "Malkangiri", "Mayurbhanj", "Nabarangpur", "Nayagarh", "Nuapada", "Puri", "Rayagada", "Sambalpur", "Subarnapur", "Sundargarh"],
  "Punjab": ["Amritsar", "Barnala", "Batala", "Beas", "Bilaspur", "Budhlada", "Chandigarh", "Dera Bassi", "Faridkot", "Fatehgarh Sahib", "Fazilka", "Ferozepur", "Gurdaspur", "Hoshiarpur", "Jalandhar", "Jalandhar Cantt", "Jandiala", "Jaton", "Jind", "Kapurthala", "Karongsamba", "Kartarpur", "Kasur", "Kathua", "Kaul", "Khalil", "Khanna", "Khemkaran", "Kila Raipur", "Kishangarh", "Kochikuppam", "Kota", "Kothapalli", "Kumarhatti"],
  "Rajasthan": ["Ajmer", "Alwar", "Banswara", "Baran", "Barmer", "Bharatpur", "Bhilwara", "Bikaner", "Bundi", "Chittorgarh", "Churu", "Dausa", "Dholpur", "Dungarpur", "Fatehpur", "Ganganagar", "Ghaziabad", "Ghazipur", "Giridih", "Gohad", "Gomti Nagar", "Gondal", "Gonda", "Gondwana", "Goner", "Ganj Basoda", "Garh Kukund", "Gariaband", "Gaur", "Gaya", "Gohad", "Gonda", "Guna", "Gunpur", "Gurhiya", "Gwalior", "Harda", "Harsud", "Hata", "Hindoria", "Hojai", "Hoshangabad", "Indore", "Indragarh", "Indri", "Itarsi", "Jaipur", "Jaisalmer", "Jalore", "Jalor", "Jalopur", "Jamba", "Jammapur", "Jamun", "Jamnagar", "Jamnapur", "Jamnidih", "Jamnod", "Jamper", "Jampet", "Jampur", "Jampuri"],
  "Sikkim": ["East Sikkim", "North Sikkim", "South Sikkim", "West Sikkim"],
  "Tamil Nadu": ["Ariyalur", "Chengalpattu", "Chennai", "Coimbatore", "Cuddalore", "Dharmapuri", "Dindigul", "Erode", "Kallakurichi", "Kanchipuram", "Kanyakumari", "Karur", "Krishnagiri", "Madurai", "Mayiladuthurai", "Nagapattinam", "Namakkal", "Nilgiris", "Perambalur", "Pudukkottai", "Ramanathapuram", "Ranipet", "Salem", "Sivaganga", "Tenkasi", "Thanjavur", "Theni", "Thoothukudi", "Tiruchirappalli", "Tirunelveli", "Tirupathur", "Tiruppur", "Tiruvallur", "Tiruvannamalai", "Tiruvarur", "Vellore", "Viluppuram", "Virudhunagar"],
  "Telangana": ["Adilabad", "Bheemini", "Bhupalpalli", "Gadchiroli", "Hyderabad", "Jagtiyal", "Jangaon", "Jayashankar Bhupalpalli", "Karimnagar", "Kasipet", "Khammam", "Luxettipet", "Mahbubnagar", "Mancherial", "Medak", "Medchal", "Moinabad", "Mulugu", "Nagarkurnool", "Nalgonda", "Narayanpet", "Nirmal", "Nizamabad", "Peddapalli", "Rajanna Sircilla", "Raipur", "Rangareddi", "Sangareddy", "Siddipet", "Tandur", "Tandurpet", "Tanduri", "Tanduru", "Tandurua", "Tanduruka", "Tandurle", "Tandurput"],
  "Tripura": ["Agartala", "Udaipur", "Unakoti", "West Tripura"],
  "Uttar Pradesh": ["Agra", "Aligarh", "Allahabad", "Ambedkar Nagar", "Amethi", "Amroha", "Auraiya", "Azamgarh", "Baghpat", "Bagpat", "Bahraich", "Ballia", "Balrampur", "Banda", "Bandipur", "Bani", "Banjari", "Banti", "Bankipur", "Banu", "Banuia", "Banutta", "Bapur", "Baqapur", "Baqri", "Baqupur", "Baqurpur", "Baradpur", "Barah", "Barahpur", "Barai", "Baraipur", "Barajnagar", "Barakhpur", "Barakpur", "Barali", "Baralipur", "Barambahan", "Barambahpur", "Barampur", "Barampura", "Baramvi", "Barandha", "Barandhi", "Barang", "Barangpur", "Barangwal", "Barania", "Baranipur", "Baranj", "Baranjnagar", "Baranpur", "Baranpura", "Baranspur", "Barantipur"],
  "Uttarakhand": ["Almora", "Bageshwar", "Chamoli", "Champawat", "Dehradun", "Garhwal", "Haridwar", "Nainital", "Pauri", "Pithoragarh", "Rudraprayag", "Tehri", "Udham Singh Nagar", "Uttarkashi"],
  "West Bengal": ["Alipurduar", "Arambagh", "Asansol", "Ballyganj", "Balurghat", "Bankura", "Barasat", "Barabanki", "Baraita", "Barakpur", "Barddhaman", "Bardhaman", "Bargigunj", "Barjora", "Barjung", "Barkapur", "Barkatpur", "Barkatri", "Barkot", "Barlal", "Barla", "Barlapur", "Barli", "Barlipur", "Barlpur", "Barmara", "Barmer", "Barmeri", "Barmia", "Barmier", "Barmipur", "Barmuria", "Barnarpur", "Barnati", "Barnatipur", "Barnaul", "Barnbandha", "Barnbandhapur", "Barnbari", "Barnbaripur", "Barnbasan", "Barnbasanpur", "Barnbasha", "Barnbashapur", "Barnbati", "Barnbatipur"],
  "Puducherry": ["Karaikal", "Mahe", "Puducherry", "Yanam"]
}
